<?xml version="1.0"?>
<type version="1.0.0" name="Automobile">
  <params>
    <param type="textarea" identifier="beab45eb-b32a-4766-822d-b3fb72b5b1d4" name="Teaser Description" description="" default="" jplugins="0" repeatable="0"/>
    <param type="textarea" identifier="83ba7366-d126-40f0-923e-3e7a94f0e773" name="Description" description="" default="" jplugins="1" repeatable="1"/>
    <param type="image" identifier="c0794696-a5d2-4df9-b20f-f23b0f94a41b" name="Teaser Image" description="" custom_link="0" custom_title="0" default_rel=""/>
    <param type="image" identifier="246e955a-5a57-4ad0-ad8c-c15fc7bfccb6" name="Image" description="" custom_link="1" custom_title="0" default_rel=""/>
    <param type="gallery" identifier="08416e3c-059f-4f0c-bbb1-82b871d1c021" name="Gallery" description="" directory="images" cache_time="1440" load_lightbox="0" rel=""/>
    <param type="select" identifier="76d6096d-4152-4f61-a0da-036a6436f9ab" name="Production" description="" default="" multiple="0">
      <option name="2007&#x2013;present" value="2007-present"/>
      <option name="2003&#x2013;present" value="2003-present"/>
      <option name="2000&#x2013;present" value="2000-present"/>
    </param>
    <param type="text" identifier="f243f381-bd38-4686-b5d3-029123334db6" name="Top Speed" description="" default="150mph" repeatable="0"/>
    <param type="select" identifier="8f8b5c48-fd0b-4232-a60f-90fd9110a0e8" name="Performance" description="" default="" multiple="0">
      <option name="0-60 in 3.8sec" value="0-60-in-38sec"/>
      <option name="0-60 in 3.7sec" value="0-60-in-37sec"/>
      <option name="0-60 in 4.5sec" value="0-60-in-45sec"/>
    </param>
    <param type="select" identifier="33a1614d-069e-41d0-a21e-c162ebe500e5" name="Curb Weight" description="" default="" multiple="0">
      <option name="1569 kg" value="1569-kg"/>
      <option name="1250 kg" value="1250-kg"/>
      <option name="670 kg" value="670-kg"/>
    </param>
    <param type="rating" identifier="fff9519f-3b36-4df5-8722-17db9f2ea31c" name="Rating" description="" stars="5" allow_vote="0"/>
    <param type="socialbookmarks" identifier="00e1df62-828d-42f5-a1a6-a89d553d4934" name="Social Bookmarks" description="" google="1" technorati="1" yahoo="1" delicious="1" stumbleupon="1" digg="1" facebook="1" reddit="1" myspace="1" live="1" twitter="1" email="1"/>
    <param type="relateditems" identifier="64c188a6-cf2f-4895-8879-8b67a58b6780" name="Related Products" description=""/>
  </params>
</type>
