<?xml version="1.0"?>
<type version="1.0.0" name="Book">
  <params>
    <param type="textarea" identifier="beab45eb-b32a-4766-822d-b3fb72b5b1d4" name="Teaser Description" description="" default="" jplugins="0" repeatable="0"/>
    <param type="textarea" identifier="83ba7366-d126-40f0-923e-3e7a94f0e773" name="Description" description="" default="" jplugins="1" repeatable="1"/>
    <param type="image" identifier="c0794696-a5d2-4df9-b20f-f23b0f94a41b" name="Teaser Image" description="" custom_link="0" custom_title="0" default_rel=""/>
    <param type="image" identifier="246e955a-5a57-4ad0-ad8c-c15fc7bfccb6" name="Image" description="" custom_link="1" custom_title="0" default_rel=""/>
    <param type="gallery" identifier="08416e3c-059f-4f0c-bbb1-82b871d1c021" name="Gallery" description="" directory="images" cache_time="1440" load_lightbox="0" rel=""/>
    <param type="select" identifier="8831f823-ef8c-47c9-9ef4-e1aa166d41d3" name="Publisher" description="" default="" multiple="0">
      <option name="O'Reilly Media, Inc." value="oreilly-media-inc"/>
    </param>
    <param type="select" identifier="dc4c8cb9-ac66-4db4-afef-ffd1dc86a734" name="Language" description="" default="" multiple="1">
      <option name="English" value="english"/>
      <option name="German" value="german"/>
    </param>
    <param type="text" identifier="9fcaf7e9-5503-4870-a7a7-47ac2bc84bb2" name="ISBN-10" description="" default="0596006810" repeatable="0"/>
    <param type="text" identifier="41439837-5bb7-433a-b55a-2c9adb89aaac" name="ISBN-13" description="" default="978-0596006815" repeatable="0"/>
    <param type="text" identifier="0a6a702a-317d-4e8c-85db-517e94235b69" name="Paperback" description="" default="540 pages" repeatable="0"/>
    <param type="rating" identifier="fff9519f-3b36-4df5-8722-17db9f2ea31c" name="Rating" description="" stars="5" allow_vote="0"/>
    <param type="socialbookmarks" identifier="00e1df62-828d-42f5-a1a6-a89d553d4934" name="Social Bookmarks" description="" google="1" technorati="1" yahoo="1" delicious="1" stumbleupon="1" digg="1" facebook="1" reddit="1" myspace="1" live="1" twitter="1" email="1"/>
    <param type="relateditems" identifier="64c188a6-cf2f-4895-8879-8b67a58b6780" name="Related Products" description=""/>
  </params>
</type>
