<?xml version="1.0"?>
<type version="1.0.0" name="Camera">
  <params>
    <param type="textarea" identifier="beab45eb-b32a-4766-822d-b3fb72b5b1d4" name="Teaser Description" description="" default="" jplugins="0" repeatable="0"/>
    <param type="textarea" identifier="83ba7366-d126-40f0-923e-3e7a94f0e773" name="Description" description="" default="" jplugins="1" repeatable="1"/>
    <param type="image" identifier="c0794696-a5d2-4df9-b20f-f23b0f94a41b" name="Teaser Image" description="" custom_link="0" custom_title="0" default_rel=""/>
    <param type="image" identifier="246e955a-5a57-4ad0-ad8c-c15fc7bfccb6" name="Image" description="" custom_link="1" custom_title="0" default_rel=""/>
    <param type="gallery" identifier="08416e3c-059f-4f0c-bbb1-82b871d1c021" name="Gallery" description="" directory="images" cache_time="1440" load_lightbox="1" rel=""/>
    <param type="select" identifier="f700ccbc-cf11-4e23-9b3d-374e2cc8505b" name="Megapixels" description="" default="" multiple="0">
      <option name="12.1 Megapixels" value="121-megapixels"/>
      <option name="10 Megapixels" value="10-megapixels"/>
      <option name="8 Megapixels" value="8-megapixels"/>
      <option name="7.1 Megapixels" value="71-megapixels"/>
    </param>
    <param type="select" identifier="747f7ac5-0e0c-4fdc-a3da-4ad77a66c1e3" name="Optical Zoom" description="" default="" multiple="0">
      <option name="7x" value="7x"/>
      <option name="3.2x" value="32x"/>
      <option name="3x" value="3x"/>
    </param>
    <param type="select" identifier="17818f17-5b10-472c-a2ba-ad47d2f5c74d" name="Digital Zoom" description="" default="" multiple="0">
      <option name="6x" value="6x"/>
      <option name="5.6x" value="56x"/>
      <option name="5x" value="56x"/>
      <option name="4x" value="4x"/>
    </param>
    <param type="select" identifier="fb25635f-7709-4caa-9b72-8900f591f080" name="LCD Screen Size" description="" default="" multiple="0">
      <option name="2.7 in" value="27-in"/>
      <option name="2.5 in" value="25-in"/>
      <option name="2.4 in" value="24-in"/>
    </param>
    <param type="rating" identifier="fff9519f-3b36-4df5-8722-17db9f2ea31c" name="Rating" description="" stars="5" allow_vote="0"/>
    <param type="socialbookmarks" identifier="00e1df62-828d-42f5-a1a6-a89d553d4934" name="Social Bookmarks" description="" google="1" technorati="1" yahoo="1" delicious="1" stumbleupon="1" digg="1" facebook="1" reddit="1" myspace="1" live="1" twitter="1" email="1"/>
    <param type="relateditems" identifier="64c188a6-cf2f-4895-8879-8b67a58b6780" name="Related Products" description=""/>
  </params>
</type>
