<?xml version="1.0"?>
<type version="1.0.0" name="Cell Phone">
  <params>
    <param type="textarea" identifier="beab45eb-b32a-4766-822d-b3fb72b5b1d4" name="Teaser Description" description="" default="" jplugins="0" repeatable="0"/>
    <param type="textarea" identifier="83ba7366-d126-40f0-923e-3e7a94f0e773" name="Description" description="" default="" jplugins="1" repeatable="1"/>
    <param type="image" identifier="c0794696-a5d2-4df9-b20f-f23b0f94a41b" name="Teaser Image" description="" custom_link="0" custom_title="0" default_rel=""/>
    <param type="image" identifier="246e955a-5a57-4ad0-ad8c-c15fc7bfccb6" name="Image" description="" custom_link="1" custom_title="0" default_rel=""/>
    <param type="gallery" identifier="08416e3c-059f-4f0c-bbb1-82b871d1c021" name="Gallery" description="" directory="images" cache_time="1440" load_lightbox="0" rel=""/>
    <param type="select" identifier="a9714b9a-da8e-468e-97d8-949523495c46" name="Wireless" description="" default="" multiple="1">
      <option name="Wi-Fi" value="wi-fi"/>
      <option name="Bluetooth" value="bluetooth"/>
      <option name="Infrared" value="infrared"/>
    </param>
    <param type="select" identifier="624f184b-efb9-4738-9d76-0827810e3d3a" name="Weight" description="" default="" multiple="0">
      <option name="4.7 oz." value="47-oz"/>
      <option name="4.2 oz" value="42-oz"/>
      <option name="3.6 oz." value="36-oz"/>
      <option name="3.2 oz." value="32-oz"/>
    </param>
    <param type="text" identifier="f94f5bbb-c218-4987-924d-93fadc58d4ec" name="Color" description="" default="" repeatable="1"/>
    <param type="rating" identifier="fff9519f-3b36-4df5-8722-17db9f2ea31c" name="Rating" description="" stars="5" allow_vote="0"/>
    <param type="socialbookmarks" identifier="00e1df62-828d-42f5-a1a6-a89d553d4934" name="Social Bookmarks" description="" google="1" technorati="1" yahoo="1" delicious="1" stumbleupon="1" digg="1" facebook="1" reddit="1" myspace="1" live="1" twitter="1" email="1"/>
    <param type="relateditems" identifier="64c188a6-cf2f-4895-8879-8b67a58b6780" name="Related Products" description=""/>
  </params>
</type>
