<?xml version="1.0" encoding="utf-8"?>
<alphaindex other="#">
	<option>a</option>
	<option>b</option>
	<option>c</option>
	<option>d</option>
	<option>e</option>
	<option>f</option>
	<option>g</option>
	<option>h</option>
	<option>i</option>
	<option>j</option>
	<option>k</option>
	<option>l</option>
	<option>m</option>
	<option>n</option>
	<option>o</option>
	<option>p</option>
	<option>q</option>
	<option>r</option>
	<option>s</option>
	<option>t</option>
	<option>u</option>
	<option>v</option>
	<option>w</option>
	<option>x</option>
	<option>y</option>
	<option>z</option>
	<option>#</option>
</alphaindex>